<?xml version="1.0" encoding="ISO-8859-1"?>
				<ForestersForms>
					<Forms_BONDApplications><Form id="349" createdate="22/10/2020 11:44:10" forestersid="FFS12210349">
										<returnState>0</returnState>
										<ID>349</ID><Title>Mr</Title>
				
									<Forename>Karn</Forename>
									<Surname>BOND</Surname>
									<DOB>04 January 2002</DOB>
									<AddressLine1>1234 Warwick Road</AddressLine1>
									<AddressLine2>Acocks Green</AddressLine2>
									<Town>Birmingham</Town>
									<County>Worcestershire</County>
									<Postcode>B27 6PL</Postcode>
									<PhoneDay>99999 999999</PhoneDay>
									<Email>karn.singh@megamaxservices.com</Email>
									<AddressChange>Have you changed address in the last 3 months?</AddressChange>
									<AddressChangeValue>Yes</AddressChangeValue>
									<PrevAddressLine1>Flat 12</PrevAddressLine1>
									<PrevAddressLine2>16 Netherkirkgate</PrevAddressLine2>
									<PrevTown>Aberdeen</PrevTown>
									<PrevCounty>Aberdeenshire</PrevCounty>
									<PrevPostcode>AB10 1AU</PrevPostcode>
									<MembershipType>BOND</MembershipType>
									<HearAbout></HearAbout><PromotionalCode></PromotionalCode><LumpSumAmountByDebitCard>�6,000</LumpSumAmountByDebitCard>
							
											<LumpSumEmployementStatus></LumpSumEmployementStatus>
											
											<LumpSumEmployementStatusOther></LumpSumEmployementStatusOther>
											
											<LumpSumSourceOfIncome></LumpSumSourceOfIncome>
											
											<LumpSumSourceOfIncomeOther></LumpSumSourceOfIncomeOther></Form>
					</Forms_BONDApplications>
				</ForestersForms>