<?xml version="1.0" encoding="ISO-8859-1"?>
				<ForestersForms>
					<Forms_CTESPApplications><Form id="347" createdate="22/10/2020 11:41:29" forestersid="FFS12210347">
									<returnState>0</returnState>
									<ID>347</ID><Title>Mr</Title>
				
									<Forename>Karn</Forename>
									<Surname>CTESP</Surname>
									<DOB>04 January 2002</DOB>
									<AddressLine1>1234 Warwick Road</AddressLine1>
									<AddressLine2>Acocks Green</AddressLine2>
									<Town>Birmingham</Town>
									<County>Worcestershire</County>
									<Postcode>B27 6PL</Postcode>
									<PhoneDay>99999 999999</PhoneDay>
									<Email>karn.singh@megamaxservices.com</Email>
									<AddressChange>Have you changed address in the last 3 months?</AddressChange>
									<AddressChangeValue>Yes</AddressChangeValue>
									<PrevAddressLine1>1234 Warwick Road</PrevAddressLine1>
									<PrevAddressLine2>Acocks Green</PrevAddressLine2>
									<PrevTown>Birmingham</PrevTown>
									<PrevCounty>Worcestershire</PrevCounty>
									<PrevPostcode>B27 6PL</PrevPostcode>
									<MembershipType>CTESP</MembershipType>
									<ParentRelationToChild>Grandparent</ParentRelationToChild>
									<ParentRelationToChildOther></ParentRelationToChildOther>
									<HearAbout></HearAbout>
									<HearAboutIntroducer></HearAboutIntroducer>
									<PromotionalCode></PromotionalCode><Title>Mr</Title>
										<Forename>Devaan</Forename>
										<Surname>Singh</Surname>
										<DOB>04 January 2020</DOB><AddressLine1>1234 Warwick Road</AddressLine1>
										<AddressLine2>Acocks Green</AddressLine2>
										<Town>Birmingham</Town>
										<County>Worcestershire</County>
										<Postcode>B27 6PL</Postcode><ParentTitle>Mr</ParentTitle>
										<ParentForename>Roshan</ParentForename>
										<ParentSurname>CTESP</ParentSurname><ParentAddressLine1>123 Holburn Street</ParentAddressLine1>
												<ParentAddressLine2></ParentAddressLine2>
												<ParentTown>Aberdeen</ParentTown>
												<ParentCounty>Aberdeenshire</ParentCounty>
												<ParentPostcode>AB10 6BP</ParentPostcode><ParentPhone>99999 999999</ParentPhone><ParentEmail>karn.singh@megamaxservices.com</ParentEmail><TermsInYears>12 Years</TermsInYears><ContributionType>Monthly</ContributionType>
				
										<MonthlyContributionAmount>�25</MonthlyContributionAmount>
										
										<TaxYear>2020/2021</TaxYear>
										
										<DirectDebit>True</DirectDebit>
										
										<AccountName>Karn Singh</AccountName>
										
										<AccountNumber>99999999</AccountNumber>
										
										<SortCode>99-99-99</SortCode>
										
										<DirectDebitPaymentDate>1</DirectDebitPaymentDate>
										
										<IsAccountValid>True</IsAccountValid></Form>
					</Forms_CTESPApplications>
				</ForestersForms>