<?xml version="1.0" encoding="ISO-8859-1"?>
				<ForestersForms>
					<Forms_TESPApplications><Form id="348" createdate="22/10/2020 11:42:35" forestersid="FFS12210348">
									<returnState>0</returnState>
									<ID>348</ID><Title>Mr</Title>
									<Forename>Karn</Forename>
									<Surname>TESP</Surname>
									<DOB>04 January 2004</DOB>
									<NationalInsuranceNumber>TE 99 99 99 D</NationalInsuranceNumber>
									<AddressLine1>1234 Warwick Road</AddressLine1>
									<AddressLine2>Acocks Green</AddressLine2>
									<Town>Birmingham</Town>
									<County>Worcestershire</County>
									<Postcode>B27 6PL</Postcode>
									<PhoneDay>99999 999999</PhoneDay>
									<Email>karn.singh@megamaxservices.com</Email>
									<AddressChange>Have you changed address in the last 3 months?</AddressChange>
									<AddressChangeValue>Yes</AddressChangeValue>
									<PrevAddressLine1>1234 Pershore Road</PrevAddressLine1>
									<PrevAddressLine2>Stirchley</PrevAddressLine2>
									<PrevTown>Birmingham</PrevTown>
									<PrevCounty>Worcestershire</PrevCounty>
									<PrevPostcode>B30 2YA</PrevPostcode>
									<MembershipType>TESP</MembershipType>
									<HearAbout></HearAbout>
									<HearAboutIntroducer></HearAboutIntroducer>
									<PromotionalCode></PromotionalCode><TermsInYears>12 Years</TermsInYears><ContributionType>Monthly</ContributionType>
				
										<MonthlyContributionAmount>�25</MonthlyContributionAmount>
										
										<TaxYear>2020/2021</TaxYear>
										
										<DirectDebit>True</DirectDebit>
										
										<AccountName>Karn Singh</AccountName>
										
										<AccountNumber>99999999</AccountNumber>
										
										<SortCode>99-99-99</SortCode>
										
										<DirectDebitPaymentDate>1</DirectDebitPaymentDate>
										
										<IsAccountValid>True</IsAccountValid></Form>
					</Forms_TESPApplications>
				</ForestersForms>