<?xml version="1.0" encoding="ISO-8859-1"?>
				<ForestersForms>
					<Forms_FCTFApplications><Form id="350" createdate="22/10/2020 11:46:13" forestersid="FFS12210350">
										<returnState>0</returnState>
										<ID>350</ID><ChildTrustFundNumber>ctfe9999999</ChildTrustFundNumber>
									<Title>Mr</Title>
									<Forename>Karn</Forename>
									<Surname>FCTF</Surname>
									<DOB>04 January 2002</DOB>
									<AddressLine1>1234 Warwick Road</AddressLine1>
									<AddressLine2>Acocks Green</AddressLine2>
									<Town>Birmingham</Town>
									<County>Worcestershire</County>
									<Postcode>B27 6PL</Postcode>
									<PhoneDay>99999 999999</PhoneDay>
									<Email>karn.singh@megamaxservices.com</Email>
									<AddressChange>Have you changed address in the last 3 months?</AddressChange>
									<AddressChangeValue>Yes</AddressChangeValue>
									<PrevAddressLine1>1234 Warwick Road</PrevAddressLine1>
									<PrevAddressLine2>Acocks Green</PrevAddressLine2>
									<PrevTown>Birmingham</PrevTown>
									<PrevCounty>Worcestershire</PrevCounty>
									<PrevPostcode>B27 6PL</PrevPostcode>
									<MembershipType>FCTF</MembershipType>
									<ParentRelationToChild>Parent/Guardian</ParentRelationToChild>
									<ParentRelationToChildOther></ParentRelationToChildOther>
									<HearAbout></HearAbout><Title>Mr</Title>
											<Forename>Devaan</Forename>
											<Surname>Singh</Surname>
											<DOB>4/1/2020</DOB><AddressLine1>1234 Warwick Road</AddressLine1>
											<AddressLine2>Acocks Green</AddressLine2>
											<Town>Birmingham</Town>
											<County>Worcestershire</County>
											<Postcode>B27 6PL</Postcode><ContributionType>Monthly</ContributionType>
				
										<MonthlyContributionAmount>�10</MonthlyContributionAmount>
										
										<TaxYear>2020/2021</TaxYear>
										
										<DirectDebit>True</DirectDebit>
										
										<AccountName>Karn</AccountName>
										
										<AccountNumber>99999999</AccountNumber>
										
										<SortCode>99-99-99</SortCode>
										
										<DirectDebitPaymentDate>1</DirectDebitPaymentDate>
										
										<IsAccountValid>True</IsAccountValid><LumpSumAmountByDebitCard>�100</LumpSumAmountByDebitCard></Form>
					</Forms_FCTFApplications>
				</ForestersForms>