<?xml version="1.0" encoding="ISO-8859-1"?>
				<ForestersForms>
					<Forms_JISAApplications><Form id="344" createdate="22/10/2020 11:27:00" forestersid="JISA12210344">
										<returnState>0</returnState>
										<ID>344</ID>	<Title>Mr</Title>
									<Forename>Karn</Forename>
									<Surname>JISA</Surname>
									<DOB>05 January 2000</DOB>
									<NationalInsuranceNumber>    </NationalInsuranceNumber>
									<AddressLine1>1234 Warwick Road</AddressLine1>
									<AddressLine2>Acocks Green</AddressLine2>
									<Town>Birmingham</Town>
									<County>Worcestershire</County>
									<Postcode>B27 6PL</Postcode>
									<PhoneDay>99999 999999</PhoneDay>
									<Email>karn.singh@megamaxservices.com</Email>
									<AddressChange>Have you changed address in the last 3 months?</AddressChange>
									<AddressChangeValue>Yes</AddressChangeValue>
									<PrevAddressLine1>1234 Warwick Road</PrevAddressLine1>
									<PrevAddressLine2>Acocks Green</PrevAddressLine2>
									<PrevTown>Birmingham</PrevTown>
									<PrevCounty>Worcestershire</PrevCounty>
									<PrevPostcode>B27 6PL</PrevPostcode>
									<MembershipType>JISA</MembershipType>
									<HearAbout>Introducer</HearAbout><HearAboutIntroducer>INT1234567</HearAboutIntroducer><PromotionalCode></PromotionalCode><Title>Mr</Title>
											<Forename>Devaan</Forename>
											<Surname>Singh</Surname>
											<DOB>3/7/2020</DOB>
											<NationalInsuranceNumber>    </NationalInsuranceNumber><AddressLine1>1234 Warwick Road</AddressLine1>
											<AddressLine2>Acocks Green</AddressLine2>
											<Town>Birmingham</Town>
											<County>Worcestershire</County>
											<Postcode>B27 6PL</Postcode><ContributionType>Monthly</ContributionType>
				
										<MonthlyContributionAmount>�300</MonthlyContributionAmount>
										
										<TaxYear>2020/2021</TaxYear>
										
										<DirectDebit>True</DirectDebit>
										
										<AccountName>Karn Singh</AccountName>
										
										<AccountNumber>99999999</AccountNumber>
										
										<SortCode>99-99-99</SortCode>
										
										<DirectDebitPaymentDate>1</DirectDebitPaymentDate>
										
										<IsAccountValid>True</IsAccountValid><LumpSumAmountByDebitCard>�3,444</LumpSumAmountByDebitCard><TransferPaymentOption>Transfer in from another ISA provider</TransferPaymentOption>
							
											<TransferPaymentOptionSelected>Yes</TransferPaymentOptionSelected>
										<CheckedDeclaration>True</CheckedDeclaration>
				
										<PaymentMethod>WorldPay</PaymentMethod>
										
										<PaymentAuthorisationDate>01/01/1970</PaymentAuthorisationDate>
										
										<PaymentReferenceNumber>3224277371</PaymentReferenceNumber>
										
										<PaymentTransactionStatus>Y</PaymentTransactionStatus></Form>
					</Forms_JISAApplications>
				</ForestersForms>