<?xml version="1.0" encoding="ISO-8859-1"?>
				<ForestersForms>
					<Forms_LISAApplications><Form id="345" createdate="22/10/2020 11:34:09" forestersid="LISA12210345">
									<returnState>0</returnState>
									<ID>345</ID>	<Title>Mr</Title>
									<Forename>Karn</Forename>
									<Surname>LISA</Surname>
									<DOB>04 January 2002</DOB>
									<NationalInsuranceNumber>KJ 89 79 79 D</NationalInsuranceNumber>
									<AddressLine1>1234 Warwick Road</AddressLine1>
									<AddressLine2>Acocks Green</AddressLine2>
									<Town>Birmingham</Town>
									<County>Worcestershire</County>
									<Postcode>B27 6PL</Postcode>
									<PhoneDay>99999 999999</PhoneDay>
									<Email>karn.singh@megamaxservices.com</Email>
									<AddressChange>Have you changed address in the last 3 months?</AddressChange>
									<AddressChangeValue>Yes</AddressChangeValue>
									<PrevAddressLine1>1234 Warwick Road</PrevAddressLine1>
									<PrevAddressLine2>Acocks Green</PrevAddressLine2>
									<PrevTown>Birmingham</PrevTown>
									<PrevCounty>Worcestershire</PrevCounty>
									<PrevPostcode>B27 6PL</PrevPostcode>
									<MembershipType>LISA</MembershipType>
									<HearAbout></HearAbout><PromotionalCode></PromotionalCode><ContributionType>Monthly</ContributionType>
				
										<MonthlyContributionAmount>�200.00</MonthlyContributionAmount>
										
										<TaxYear>2020/2021</TaxYear>
										
										<DirectDebit>True</DirectDebit>
										
										<AccountName>Karn Singh</AccountName>
										
										<AccountNumber>99999999</AccountNumber>
										
										<SortCode>99-99-99</SortCode>
										
										<DirectDebitPaymentDate>1</DirectDebitPaymentDate>
										
										<IsAccountValid>True</IsAccountValid><LumpSumAmountByDebitCard>�600.00</LumpSumAmountByDebitCard><TransferPaymentOption>Transfer in from another ISA provider</TransferPaymentOption>
							
											<TransferPaymentOptionSelected>Yes</TransferPaymentOptionSelected>
										<CheckedDeclaration>True</CheckedDeclaration>
				
										<PaymentMethod>WorldPay</PaymentMethod>
										
										<PaymentAuthorisationDate>01/01/1970</PaymentAuthorisationDate>
										
										<PaymentReferenceNumber>3224279806</PaymentReferenceNumber>
										
										<PaymentTransactionStatus>Y</PaymentTransactionStatus></Form>
					</Forms_LISAApplications>
				</ForestersForms>