<?xml version="1.0" encoding="ISO-8859-1"?>
				<ForestersForms>
					<Forms_SSISAApplications><Form id="346" createdate="22/10/2020 11:37:30" forestersid="SSISA12210346">
										<returnState>0</returnState>
										<ID>346</ID><Title>Mr</Title>
					
										<Forename>Karn</Forename>
										<Surname>SSISA</Surname>
										<DOB>04 January 2002</DOB>
										<NationalInsuranceNumber>SS 99 99 99 D</NationalInsuranceNumber>
										<AddressLine1>1234 Warwick Road</AddressLine1>
										<AddressLine2>Acocks Green</AddressLine2>
										<Town>Birmingham</Town>
										<County>Worcestershire</County>
										<Postcode>B27 6PL</Postcode>
										<PhoneDay>99999 999999</PhoneDay>
										<Email>karn.singh@megamaxservices.com</Email>
										<AddressChange>Have you changed address in the last 3 months?</AddressChange>
										<AddressChangeValue>Yes</AddressChangeValue>
										<PrevAddressLine1>1234 Warwick Road</PrevAddressLine1>
										<PrevAddressLine2>Acocks Green</PrevAddressLine2>
										<PrevTown>Birmingham</PrevTown>
										<PrevCounty>Worcestershire</PrevCounty>
										<PrevPostcode>B27 6PL</PrevPostcode>
										<MembershipType>SSISA</MembershipType>
										<HearAbout></HearAbout><PromotionalCode></PromotionalCode><ContributionType>Monthly</ContributionType>
					
											<MonthlyContributionAmount>�100</MonthlyContributionAmount>
											
											<TaxYear>2020/2021</TaxYear>
											
											<DirectDebit>True</DirectDebit>
											
											<AccountName>Karn Singh</AccountName>
											
											<AccountNumber>99999999</AccountNumber>
											
											<SortCode>99-99-99</SortCode>
											
											<DirectDebitPaymentDate>1</DirectDebitPaymentDate>
											
											<IsAccountValid>True</IsAccountValid>
											
											<MonthlyEmployementStatus></MonthlyEmployementStatus>
											
											<MonthlyEmployementStatusOther></MonthlyEmployementStatusOther>
											
											<MonthlySourceOfIncome></MonthlySourceOfIncome>
											
											<MonthlySourceOfIncomeOther></MonthlySourceOfIncomeOther><LumpSumAmountByDebitCard>�600</LumpSumAmountByDebitCard>
							
											<LumpSumEmployementStatus></LumpSumEmployementStatus>
											
											<LumpSumEmployementStatusOther></LumpSumEmployementStatusOther>
											
											<LumpSumSourceOfIncome></LumpSumSourceOfIncome>
											
											<LumpSumSourceOfIncomeOther></LumpSumSourceOfIncomeOther><TransferPaymentOption>Transfer in from another ISA provider</TransferPaymentOption>
								
												<TransferPaymentOptionSelected>Yes</TransferPaymentOptionSelected>
											<CheckedDeclaration>True</CheckedDeclaration>
					
											<PaymentMethod></PaymentMethod>
											
											<PaymentAuthorisationDate></PaymentAuthorisationDate>
											
											<PaymentReferenceNumber></PaymentReferenceNumber>
											
											<PaymentTransactionStatus>N</PaymentTransactionStatus></Form>
					</Forms_SSISAApplications>
				</ForestersForms>